Name,A0,A1,A2,A3,A4,A5,A6
Jack Peterson,48,52,56,60,64,68,72
Henry Rogers,55,60,58,62,65,57,59
Lucas Murphy,65,70,72,68,74,76,80
Isabella Stewart,78,82,69,91,85,87,90
Daniel Foster,70,75,73,78,76,79,77
Lily Gray,88,86,84,82,80,78,76
Scarlett Bennett,83,79,81,77,80,82,84
Evelyn Cook,92,88,90,94,89,91,93
